<?xml version="1.0" encoding="UTF-8"?>
<project-private xmlns="http://www.netbeans.org/ns/project-private/1">
    <editor-bookmarks xmlns="http://www.netbeans.org/ns/editor-bookmarks/2" lastBookmarkId="0"/>
    <open-files xmlns="http://www.netbeans.org/ns/projectui-open-files/2">
        <group>
            <file>file:/C:/Users/Umair/Documents/NetBeansProjects/SmartWare/web/register.jsp</file>
            <file>file:/C:/Users/Umair/Documents/NetBeansProjects/SmartWare/web/admin_edit_doctor.jsp</file>
            <file>file:/C:/Users/Umair/Documents/NetBeansProjects/SmartWare/web/view_appointment.jsp</file>
            <file>file:/C:/Users/Umair/Documents/NetBeansProjects/SmartWare/web/doctor_perscription.jsp</file>
            <file>file:/C:/Users/Umair/Documents/NetBeansProjects/SmartWare/web/admin_add_doctor.jsp</file>
            <file>file:/C:/Users/Umair/Documents/NetBeansProjects/SmartWare/web/doctor_operations.jsp</file>
            <file>file:/C:/Users/Umair/Documents/NetBeansProjects/SmartWare/web/patient_dashboard.jsp</file>
            <file>file:/C:/Users/Umair/Documents/NetBeansProjects/SmartWare/web/css/extra_pages.css</file>
            <file>file:/C:/Users/Umair/Documents/NetBeansProjects/SmartWare/web/admin_view_appoint.jsp</file>
            <file>file:/C:/Users/Umair/Documents/NetBeansProjects/SmartWare/web/admin_view_patient.jsp</file>
            <file>file:/C:/Users/Umair/Documents/NetBeansProjects/SmartWare/web/doctor_dashboard.jsp</file>
            <file>file:/C:/Users/Umair/Documents/NetBeansProjects/SmartWare/web/admin_view_doctor.jsp</file>
            <file>file:/C:/Users/Umair/Documents/NetBeansProjects/SmartWare/web/book_appoinment.jsp</file>
            <file>file:/C:/Users/Umair/Documents/NetBeansProjects/SmartWare/web/admin_dashboard.jsp</file>
            <file>file:/C:/Users/Umair/Documents/NetBeansProjects/SmartWare/web/admin_add_patient.jsp</file>
            <file>file:/C:/Users/Umair/Documents/NetBeansProjects/SmartWare/web/admin_services_charges.jsp</file>
            <file>file:/C:/Users/Umair/Documents/NetBeansProjects/SmartWare/web/forgot_psw.jsp</file>
            <file>file:/C:/Users/Umair/Documents/NetBeansProjects/SmartWare/web/Login.jsp</file>
            <file>file:/C:/Users/Umair/Documents/NetBeansProjects/SmartWare/web/doctor_invoice_payment.jsp</file>
            <file>file:/C:/Users/Umair/Documents/NetBeansProjects/SmartWare/web/admin_edit_patient.jsp</file>
            <file>file:/C:/Users/Umair/Documents/NetBeansProjects/SmartWare/web/admin_edit_appoint.jsp</file>
            <file>file:/C:/Users/Umair/Documents/NetBeansProjects/SmartWare/web/doctor_add_payment.jsp</file>
            <file>file:/C:/Users/Umair/Documents/NetBeansProjects/SmartWare/web/edit_appoinmtnet.jsp</file>
            <file>file:/C:/Users/Umair/Documents/NetBeansProjects/SmartWare/web/doctor_report.jsp</file>
            <file>file:/C:/Users/Umair/Documents/NetBeansProjects/SmartWare/web/maps.jsp</file>
        </group>
    </open-files>
</project-private>
